Model,Train_Accuracy,Train_Precision,Train_Recall,Train_F1,Test_Accuracy,Test_Precision,Test_Recall,Test_F1
RandomForest,0.9689018464528668,0.9962779156327544,0.9651442307692307,0.9804639804639804,0.9069767441860465,0.9509803921568627,0.9326923076923077,0.941747572815534
SVM_RBF,0.8989310009718173,0.9959128065395095,0.8786057692307693,0.933588761174968,0.8643410852713178,0.9726775956284153,0.8557692307692307,0.9104859335038363
LogisticRegression,0.8824101068999028,0.9889958734525447,0.8641826923076923,0.9223861449647209,0.8527131782945736,0.9775280898876404,0.8365384615384616,0.9015544041450777
