{
  "model_type": "XGBoost + BERT",
  "accuracy": 0.8726591760299626,
  "precision": 0.9205607476635514,
  "recall": 0.9205607476635514,
  "f1_score": 0.9205607476635514,
  "features": "14 linguistic + 768 BERT embeddings",
  "trained_date": "2026-01-04",
  "train_samples": 1023,
  "test_samples": 267
}